{
  "asrama_mahasiswa": {
    "precision": 1.0,
    "recall": 1.0,
    "f1-score": 1.0,
    "support": 12.0
  },
  "bus_schedule": {
    "precision": 0.6923076923076923,
    "recall": 1.0,
    "f1-score": 0.8181818181818182,
    "support": 9.0
  },
  "canteen_food": {
    "precision": 0.7,
    "recall": 0.875,
    "f1-score": 0.7777777777777778,
    "support": 8.0
  },
  "facility_hours": {
    "precision": 1.0,
    "recall": 0.5714285714285714,
    "f1-score": 0.7272727272727273,
    "support": 7.0
  },
  "greeting": {
    "precision": 1.0,
    "recall": 0.6666666666666666,
    "f1-score": 0.8,
    "support": 3.0
  },
  "health_services": {
    "precision": 1.0,
    "recall": 0.42857142857142855,
    "f1-score": 0.6,
    "support": 7.0
  },
  "jadwal_kuliah": {
    "precision": 0.8,
    "recall": 1.0,
    "f1-score": 0.8888888888888888,
    "support": 4.0
  },
  "kalender_akademik": {
    "precision": 0.75,
    "recall": 0.75,
    "f1-score": 0.75,
    "support": 4.0
  },
  "krs_dan_kartu_rencana_studi": {
    "precision": 1.0,
    "recall": 1.0,
    "f1-score": 1.0,
    "support": 5.0
  },
  "lab_booking": {
    "precision": 0.875,
    "recall": 1.0,
    "f1-score": 0.9333333333333333,
    "support": 7.0
  },
  "layanan_perpustakaan_digital": {
    "precision": 0.8571428571428571,
    "recall": 1.0,
    "f1-score": 0.9230769230769231,
    "support": 6.0
  },
  "parking_info": {
    "precision": 0.75,
    "recall": 1.0,
    "f1-score": 0.8571428571428571,
    "support": 3.0
  },
  "sks_dan_ipk": {
    "precision": 1.0,
    "recall": 1.0,
    "f1-score": 1.0,
    "support": 6.0
  },
  "sport_facilities": {
    "precision": 0.0,
    "recall": 0.0,
    "f1-score": 0.0,
    "support": 3.0
  },
  "accuracy": 0.8452380952380952,
  "macro avg": {
    "precision": 0.8160321821036106,
    "recall": 0.806547619047619,
    "f1-score": 0.7911195946910233,
    "support": 84.0
  },
  "weighted avg": {
    "precision": 0.85176936159079,
    "recall": 0.8452380952380952,
    "f1-score": 0.8270898413755555,
    "support": 84.0
  }
}